scale,store,workload,query,runs,median_s,p95_s,errors
1k,ots,explore,Q1,100,0.0005048959937994368,0.0008905169539502821,0
1k,ots,explore,Q2,600,0.0008822710005915724,0.0013519124913727865,0
1k,ots,explore,Q3,100,0.0005831044909427874,0.0009360958058096001,0
1k,ots,explore,Q4,100,0.0005893339985050261,0.0008935503508837428,0
1k,ots,explore,Q5,200,0.0015116249996935949,0.002695570854120888,0
1k,ots,explore,Q7,400,0.0028413545005605556,0.0036669142624305095,0
1k,ots,explore,Q8,200,0.0049283125044894405,0.0066478229011409,0
1k,ots,explore,Q9,400,0.0005224584965617396,0.04532916664829827,0
1k,ots,explore,Q10,200,0.0010170210007345304,0.0019401416480832269,0
1k,ots,explore,Q11,100,0.0004799999951501377,0.000837055603187764,0
1k,ots,explore,Q12,100,0.0006058540020603687,0.001023497294227127,0
1k,ots,features,F01-path-closure,10,0.0023668119974900037,0.0024618082970846444,0
1k,ots,features,F02-path-sequence-inverse,10,0.0006614165031351149,0.0006918770508491434,0
1k,ots,features,F03-path-alternative,10,0.08143256249604747,0.08452522484440124,0
1k,ots,features,F04-path-oneormore-join,10,0.0022129165081423707,0.0024257769007817844,0
1k,ots,features,F05-agg-group-avg,10,0.27970562500559026,0.284766090089397,0
1k,ots,features,F06-agg-having,10,0.006131583002570551,0.006165051745483652,0
1k,ots,features,F07-agg-count-distinct,10,0.1251718335042824,0.13022214375523616,0
1k,ots,features,F08-optional-unbound,10,0.0024349375016754493,0.0024562686041463165,0
1k,ots,features,F09-minus,10,0.004363020991149824,0.00443535975064151,0
1k,ots,features,F10-not-exists,10,4.372959168991656,4.5168434374478235,0
1k,ots,features,F11-subquery-topk,10,0.011598353994486388,0.011834066302981228,0
1k,ots,features,F12-subquery-agg-join,10,0.3025721875092131,0.31675335014806477,0
1k,ots,features,F13-values-union,10,0.007672791507502552,0.007911618897924199,0
1k,ots,features,F14-count-all,10,0.04054800000449177,0.04070065609412268,0
1k,ots,concurrent-1,mix,39825,0.0008173329988494515,0.004809458195813932,0
1k,ots,concurrent-4,mix,100325,0.0009629160049371421,0.005483999400166795,0
1k,ots,concurrent-8,mix,132350,0.0013602289982372895,0.01219427309406457,0
1k,ots,shacl,validate,5,0.3326974999945378,0.3736842919985065,0
1k,oxigraph,explore,Q1,100,0.0004060829960508272,0.0012159273996076082,0
1k,oxigraph,explore,Q2,600,0.0009467295021750033,0.001209910400211811,0
1k,oxigraph,explore,Q3,100,0.0004775620109285228,0.0013010770962864626,0
1k,oxigraph,explore,Q4,100,0.0006867915071779862,0.0021784485506941564,0
1k,oxigraph,explore,Q5,200,0.0036133120011072606,0.007432033652730754,0
1k,oxigraph,explore,Q7,400,0.0010012710044975393,0.0014779443590668964,0
1k,oxigraph,explore,Q8,200,0.0007093129970598966,0.001087789896700997,0
1k,oxigraph,explore,Q9,400,0.00022897950111655518,0.0003018812494701706,0
1k,oxigraph,explore,Q10,200,0.0006202705044415779,0.0009820080500503538,0
1k,oxigraph,explore,Q11,100,0.0002918124955613166,0.00034951665948028675,0
1k,oxigraph,explore,Q12,100,0.0003724170019268058,0.00047730836013215594,0
1k,oxigraph,features,F01-path-closure,10,0.0039329999999608845,0.004008872555277776,0
1k,oxigraph,features,F02-path-sequence-inverse,10,0.0013615420029964298,0.0014990626463259106,0
1k,oxigraph,features,F03-path-alternative,10,0.16079829150112346,0.20416068965496378,0
1k,oxigraph,features,F04-path-oneormore-join,10,0.0032824580048327334,0.007123373256763444,0
1k,oxigraph,features,F05-agg-group-avg,10,0.3602650419998099,0.5725382752985753,0
1k,oxigraph,features,F06-agg-having,10,0.010188895990722813,0.012040243451338029,0
1k,oxigraph,features,F07-agg-count-distinct,10,0.023505937002482824,0.04402259984708508,0
1k,oxigraph,features,F08-optional-unbound,10,0.015767728997161612,0.024036721199809107,0
1k,oxigraph,features,F09-minus,10,0.033160312501422595,0.03900025260518305,0
1k,oxigraph,features,F10-not-exists,1,111.62983671799884,111.62983671799884,0
1k,oxigraph,features,F11-subquery-topk,10,0.05833658349729376,0.0587776831453084,0
1k,oxigraph,features,F12-subquery-agg-join,10,0.1804021459975047,0.18897247719360166,0
1k,oxigraph,features,F13-values-union,10,0.0008546879980713129,0.0008955876481195446,0
1k,oxigraph,features,F14-count-all,10,0.13580256250861567,0.14026801440268172,0
1k,oxigraph,concurrent-1,mix,65775,0.0006634169985773042,0.0028421829032595314,0
1k,oxigraph,concurrent-4,mix,245950,0.0007091250008670613,0.0029774751485092525,0
1k,oxigraph,concurrent-8,mix,300725,0.0007195000071078539,0.003757275198586284,0
1k,fuseki,explore,Q1,100,0.0013170210004318506,0.0017450625113269779,0
1k,fuseki,explore,Q2,600,0.0030817915030638687,0.003846446142415516,0
1k,fuseki,explore,Q3,100,0.0014734164942638017,0.0018158027087338269,0
1k,fuseki,explore,Q4,100,0.001608229496923741,0.0019681597987073474,0
1k,fuseki,explore,Q5,200,0.07458939599746373,0.10081297318974976,0
1k,fuseki,explore,Q7,400,0.002056624500255566,0.0028120417009631637,0
1k,fuseki,explore,Q8,200,0.001986083501833491,0.0028715788561385126,0
1k,fuseki,explore,Q9,400,0.001288270992517937,0.0017329579990473577,0
1k,fuseki,explore,Q10,200,0.0015604375003022142,0.0019914749915187716,0
1k,fuseki,explore,Q11,100,0.0011558124970179051,0.0014568937505828217,0
1k,fuseki,explore,Q12,100,0.0016834374982863665,0.0020866985498287248,0
1k,fuseki,features,F01-path-closure,10,0.5076328544964781,0.52974521509459,0
1k,fuseki,features,F02-path-sequence-inverse,10,0.0024968960060505196,0.0028497560975665696,0
1k,fuseki,features,F03-path-alternative,10,0.08640127050603041,0.09682197499278118,0
1k,fuseki,features,F04-path-oneormore-join,10,0.005143895999935921,0.006013160604197766,0
1k,fuseki,features,F05-agg-group-avg,10,0.08545233350014314,0.09362304184469394,0
1k,fuseki,features,F06-agg-having,10,0.0143094375016517,0.017285016851383263,0
1k,fuseki,features,F07-agg-count-distinct,10,0.016613625004538335,0.017619531392847422,0
1k,fuseki,features,F08-optional-unbound,10,0.0048898749955696985,0.007071056107815823,0
1k,fuseki,features,F09-minus,10,0.013639083001180552,0.01541124534487608,0
1k,fuseki,features,F10-not-exists,10,0.16968579150852747,0.173440235745511,0
1k,fuseki,features,F11-subquery-topk,10,0.04639397949358681,0.049238456409511855,0
1k,fuseki,features,F12-subquery-agg-join,10,0.14988983350485796,0.15519125014398014,0
1k,fuseki,features,F13-values-union,10,0.0027309169963700697,0.0028711981009109876,0
1k,fuseki,features,F14-count-all,10,0.0714877290010918,0.07205077499238541,0
1k,fuseki,concurrent-1,mix,7550,0.0014815829999861307,0.07264633315207904,0
1k,fuseki,concurrent-4,mix,19700,0.001538708500447683,0.11592942530114668,0
1k,fuseki,concurrent-8,mix,11650,0.002157604496460408,0.4384389937418741,0
1k,fuseki,shacl,validate,5,0.9789685840078164,0.993006175008486,0
1k,qlever,explore,Q1,100,0.05682120899291476,0.059456568748282736,0
1k,qlever,explore,Q2,600,0.024751458498940337,0.027784908637840996,0
1k,qlever,explore,Q3,100,0.06702187500923174,0.07338053574640072,0
1k,qlever,explore,Q4,100,0.08993789600208402,0.09701334134369972,0
1k,qlever,explore,Q5,200,0.07323508349509211,0.0801828080577252,0
1k,qlever,explore,Q7,400,0.0827616040041903,0.08942207441068603,0
1k,qlever,explore,Q8,200,0.04482252099842299,0.07678597470294336,0
1k,qlever,explore,Q9,400,0.049513041507452726,0.05176199164925492,0
1k,qlever,explore,Q10,200,0.15643170850671595,0.16428215559499224,0
1k,qlever,explore,Q11,100,0.004055625504406635,0.004525908301002346,0
1k,qlever,explore,Q12,100,0.012854854001489002,0.013244256845791825,0
1k,qlever,features,F01-path-closure,10,0.0047936874980223365,0.0050003145552182104,0
1k,qlever,features,F02-path-sequence-inverse,10,0.006915145997481886,0.0075693352002417676,0
1k,qlever,features,F03-path-alternative,10,0.04898531249637017,0.051426387657556916,0
1k,qlever,features,F04-path-oneormore-join,10,0.0056831665060599335,0.007830125141481403,0
1k,qlever,features,F05-agg-group-avg,10,0.027862811999511905,0.030153104195778723,0
1k,qlever,features,F06-agg-having,10,0.004334645498602185,0.0044726526022714095,0
1k,qlever,features,F07-agg-count-distinct,10,0.008384208995266818,0.008763910747074988,0
1k,qlever,features,F08-optional-unbound,10,0.004514353997365106,0.004996243447385496,0
1k,qlever,features,F09-minus,10,0.009341582997876685,0.009653827451256803,0
1k,qlever,features,F10-not-exists,10,0.05729214599705301,0.05814245409637806,0
1k,qlever,features,F11-subquery-topk,10,0.010948375493171625,0.012116178803262302,0
1k,qlever,features,F12-subquery-agg-join,10,0.056499124999390915,0.059232074996543815,0
1k,qlever,features,F13-values-union,10,0.009419687499757856,0.009650228504324333,0
1k,qlever,features,F14-count-all,10,0.046252708496467676,0.05129733520079754,0
1k,qlever,concurrent-1,mix,1025,0.05019383299804758,0.15449754158908036,0
1k,qlever,concurrent-4,mix,4000,0.04850250049639726,0.16794075449797674,0
1k,qlever,concurrent-8,mix,4150,0.08380489599949215,0.30587830190634124,0
1k,virtuoso,explore,Q1,100,0.0014602914961869828,0.0017240494002180638,0
1k,virtuoso,explore,Q2,600,0.003497479498037137,0.004190812496381113,0
1k,virtuoso,explore,Q3,100,0.0017211254962603562,0.00199992855777964,0
1k,virtuoso,explore,Q4,100,0.004089396003109869,0.0047506722919933965,0
1k,virtuoso,explore,Q5,200,0.0019363960018381476,0.002187464555754559,0
1k,virtuoso,explore,Q7,400,0.0032270209994749166,0.003943412503576838,0
1k,virtuoso,explore,Q8,200,0.0023527500015916303,0.0027954431498073973,0
1k,virtuoso,explore,Q9,400,0.0008802085067145526,0.0010833148946403526,0
1k,virtuoso,explore,Q10,200,0.0029334584905882366,0.0033424934510549067,0
1k,virtuoso,explore,Q11,100,0.0008298955071950331,0.0009855871969193686,0
1k,virtuoso,explore,Q12,100,0.002426125000056345,0.0025686475994007195,0
1k,virtuoso,features,F01-path-closure,10,0.0048735215023043565,0.00496384389771265,0
1k,virtuoso,features,F02-path-sequence-inverse,10,0.0010255205052089877,0.001080051902681589,0
1k,virtuoso,features,F03-path-alternative,10,0.0036671245034085587,0.0037151581484067718,0
1k,virtuoso,features,F04-path-oneormore-join,10,0.0010784579935716465,0.0011625211998762097,0
1k,virtuoso,features,F05-agg-group-avg,10,0.025550562502758112,0.02576376889119274,0
1k,virtuoso,features,F06-agg-having,10,0.0035502294995239936,0.003580550303013297,0
1k,virtuoso,features,F07-agg-count-distinct,10,0.01470108349894872,0.01476679170227726,0
1k,virtuoso,features,F08-optional-unbound,10,0.0016468129979330115,0.001700569052627543,0
1k,virtuoso,features,F09-minus,10,0.002986437495565042,0.0030294602998765185,0
1k,virtuoso,features,F10-not-exists,10,0.022813729490735568,0.025071341697184835,0
1k,virtuoso,features,F11-subquery-topk,10,0.001519145502243191,0.0018831482469977348,0
1k,virtuoso,features,F12-subquery-agg-join,10,0.033497917000204325,0.03451231844737777,0
1k,virtuoso,features,F13-values-union,10,0.001959458000783343,0.002031904192699585,0
1k,virtuoso,features,F14-count-all,10,0.0025864164999802597,0.0026209413044853136,0
1k,virtuoso,concurrent-1,mix,24650,0.0024033959925873205,0.0040619705025164874,0
1k,virtuoso,concurrent-4,mix,83950,0.00274770800024271,0.004870212654350325,0
1k,virtuoso,concurrent-8,mix,137100,0.0030580000020563602,0.006570879153878196,0
1k,rdf4j,explore,Q1,100,0.0010704589949455112,0.002272883040859597,0
1k,rdf4j,explore,Q2,600,0.0013487710093613714,0.0019098145901807583,0
1k,rdf4j,explore,Q3,100,0.0010435205040266737,0.0015710169471276458,0
1k,rdf4j,explore,Q4,100,0.0011379580028005876,0.001707679148967145,0
1k,rdf4j,explore,Q5,200,0.003562020996469073,0.005852879157464488,0
1k,rdf4j,explore,Q7,400,0.001505874992290046,0.002204285439074738,0
1k,rdf4j,explore,Q8,200,0.0015642709986423142,0.002460347897431348,0
1k,rdf4j,explore,Q9,400,0.019609291506640147,0.022684197610942647,0
1k,rdf4j,explore,Q10,200,0.0016012080013751984,0.0030275377990619744,0
1k,rdf4j,explore,Q11,100,0.0203804789998685,0.02322647919281735,0
1k,rdf4j,explore,Q12,100,0.0016030215047067031,0.002731343451887369,0
1k,rdf4j,features,F01-path-closure,10,0.0049463754912721924,0.00560847050146549,0
1k,rdf4j,features,F02-path-sequence-inverse,10,0.0014536665039486252,0.00173864170719753,0
1k,rdf4j,features,F03-path-alternative,10,0.07852312499744585,0.08211359169144998,0
1k,rdf4j,features,F04-path-oneormore-join,10,0.0034474164931452833,0.0039002788034849805,0
1k,rdf4j,features,F05-agg-group-avg,10,0.06707491650013253,0.07307467065402307,0
1k,rdf4j,features,F06-agg-having,10,0.013054687493422534,0.017156589796650225,0
1k,rdf4j,features,F07-agg-count-distinct,10,0.019545771006960422,0.022356704506091774,0
1k,rdf4j,features,F08-optional-unbound,10,0.01080058349907631,0.013779843750671717,0
1k,rdf4j,features,F09-minus,10,0.03533806250197813,0.03889086699782638,0
1k,rdf4j,features,F10-not-exists,1,88.52818829100579,88.52818829100579,0
1k,rdf4j,features,F11-subquery-topk,10,0.021390875008364674,0.02292032935001771,0
1k,rdf4j,features,F12-subquery-agg-join,10,0.1821744580011,0.18906331409161795,0
1k,rdf4j,features,F13-values-union,10,0.060604770507779904,0.06492695030392497,0
1k,rdf4j,features,F14-count-all,10,0.19137141699320637,0.20229833765042715,0
1k,rdf4j,concurrent-1,mix,11950,0.0012406249952618964,0.019987562808091754,0
1k,rdf4j,concurrent-4,mix,31700,0.0016024795040721074,0.03158568815124454,0
1k,rdf4j,concurrent-8,mix,21900,0.002497750501788687,0.09966460626092156,0
10k,ots,explore,Q1,100,0.04422710400103824,0.06778937150738783,0
10k,ots,explore,Q2,600,0.00293810450239107,0.005678564307891062,0
10k,ots,explore,Q3,100,0.015327854503993876,0.05212166875135151,0
10k,ots,explore,Q4,100,0.009913687499647494,0.051124522605823584,0
10k,ots,explore,Q5,200,0.06988814549549716,0.12300798399519408,0
10k,ots,explore,Q7,400,0.0029503750047297217,0.04180159169700346,0
10k,ots,explore,Q8,200,0.0021610414987662807,0.004495705943554641,0
10k,ots,explore,Q9,400,0.042782396005350165,0.050520119391876506,0
10k,ots,explore,Q10,200,0.007950354505737778,0.05081468959760969,0
10k,ots,explore,Q11,100,0.0018561039978521876,0.004563610757759307,0
10k,ots,explore,Q12,100,0.0024562085018260404,0.003856316358724143,0
10k,ots,features,F01-path-closure,10,0.014163583000481594,0.014288995797687675,0
10k,ots,features,F02-path-sequence-inverse,10,0.002116625000780914,0.002398541004367871,0
10k,ots,features,F03-path-alternative,10,2.621180333997472,2.81023805945224,0
10k,ots,features,F04-path-oneormore-join,10,0.016634728999633808,0.01780488125514239,0
10k,ots,features,F05-agg-group-avg,10,3.7077625220044865,3.858916110298742,0
10k,ots,features,F06-agg-having,10,0.06473987500066869,0.06800536875525723,0
10k,ots,features,F07-agg-count-distinct,10,0.2439813749952009,0.25155792485020356,0
10k,ots,features,F08-optional-unbound,10,0.1041645415025414,0.11057351874624147,0
10k,ots,features,F09-minus,10,0.8266908754958422,0.8887369293544908,0
10k,ots,features,F11-subquery-topk,10,1.2577246459986782,1.2831787499970233,0
10k,ots,features,F12-subquery-agg-join,10,4.521420315002615,4.58493059386019,0
10k,ots,features,F13-values-union,10,0.0019476249945000745,0.0026430603429616895,0
10k,ots,features,F14-count-all,10,1.6886986879981123,1.7207547065569089,0
10k,ots,features,F10-not-exists,0,,,1
10k,ots,concurrent-1,mix,3525,0.0025790420040721074,0.05852631680900232,0
10k,ots,concurrent-4,mix,16375,0.0021467080077854916,0.05605809990520353,0
10k,ots,concurrent-8,mix,26975,0.0023967919987626374,0.09098388760176014,0
10k,ots,shacl,validate,5,14.088874089997262,15.463697282192879,0
10k,oxigraph,explore,Q1,100,0.0010122084931936115,0.009915080954669975,0
10k,oxigraph,explore,Q2,600,0.0010781250020954758,0.0014364756025315728,0
10k,oxigraph,explore,Q3,100,0.0018490420043235645,0.01309794999397127,0
10k,oxigraph,explore,Q4,100,0.0021287709969328716,0.014589799990790197,0
10k,oxigraph,explore,Q5,200,0.0257901245058747,0.045470702098828045,0
10k,oxigraph,explore,Q7,400,0.0013977705020806752,0.002535141351836501,0
10k,oxigraph,explore,Q8,200,0.0008698539968463592,0.0014838541414064822,0
10k,oxigraph,explore,Q9,400,0.00024493748787790537,0.0002861597517039627,0
10k,oxigraph,explore,Q10,200,0.0007206465088529512,0.0011463402050139848,0
10k,oxigraph,explore,Q11,100,0.00028802100132452324,0.0003293774003395811,0
10k,oxigraph,explore,Q12,100,0.00039547950291307643,0.000453718459175434,0
10k,oxigraph,features,F01-path-closure,10,0.008387791989662219,0.008569496194104432,0
10k,oxigraph,features,F02-path-sequence-inverse,10,0.0011864164916914888,0.0012666704984440004,0
10k,oxigraph,features,F03-path-alternative,10,1.3262945840033353,1.3529808440500346,0
10k,oxigraph,features,F04-path-oneormore-join,10,0.011679749994073063,0.011995851598476293,0
10k,oxigraph,features,F05-agg-group-avg,10,2.175340480498562,2.2020910802049913,0
10k,oxigraph,features,F06-agg-having,10,0.055336249504762236,0.0581381225529185,0
10k,oxigraph,features,F07-agg-count-distinct,10,0.18870822949975263,0.20051000829771512,0
10k,oxigraph,features,F08-optional-unbound,10,0.07006485400052043,0.07442101874985382,0
10k,oxigraph,features,F09-minus,10,0.5328882914982387,0.6288650715025143,0
10k,oxigraph,features,F11-subquery-topk,10,0.6352911249923636,0.6457350438999129,0
10k,oxigraph,features,F12-subquery-agg-join,10,3.157860001498193,3.23052888255188,0
10k,oxigraph,features,F13-values-union,10,0.0009928955041687004,0.0010438438941491768,0
10k,oxigraph,features,F14-count-all,10,1.4727993755004718,1.4953877529034798,0
10k,oxigraph,features,F10-not-exists,0,,,1
10k,oxigraph,concurrent-1,mix,16400,0.001024354001856409,0.024315982693224113,0
10k,oxigraph,concurrent-4,mix,54200,0.0010185620049014688,0.0288474874934764,0
10k,oxigraph,concurrent-8,mix,50500,0.0011488959935377352,0.07659885354587473,0
10k,fuseki,explore,Q1,100,0.001641916504013352,0.0024758494102570692,0
10k,fuseki,explore,Q2,600,0.0033626040021772496,0.004459845194651278,0
10k,fuseki,explore,Q3,100,0.001719416497508064,0.005671441707090707,0
10k,fuseki,explore,Q4,100,0.0020123544964008033,0.0035300101066241037,0
10k,fuseki,explore,Q5,200,0.30151818750891834,0.40629151904722677,0
10k,fuseki,explore,Q7,400,0.00286306299676653,0.005191014611045832,0
10k,fuseki,explore,Q8,200,0.0023685210035182536,0.0037083271025039723,0
10k,fuseki,explore,Q9,400,0.0014179999925545417,0.001963774357136572,0
10k,fuseki,explore,Q10,200,0.001754271004756447,0.002463206261018058,0
10k,fuseki,explore,Q11,100,0.0013143129981472157,0.0017381062592903616,0
10k,fuseki,explore,Q12,100,0.0018413330035400577,0.0024116499982483218,0
10k,fuseki,features,F01-path-closure,10,7.619833982498676,8.127171578396519,0
10k,fuseki,features,F02-path-sequence-inverse,10,0.006515062501421198,0.008549389392283047,0
10k,fuseki,features,F03-path-alternative,10,1.0441250425064936,1.123419294202904,0
10k,fuseki,features,F04-path-oneormore-join,10,0.02473156249470776,0.027325783154083183,0
10k,fuseki,features,F05-agg-group-avg,10,0.9204028965032194,1.0789022277524054,0
10k,fuseki,features,F06-agg-having,10,0.1887686455011135,0.20771824580297107,0
10k,fuseki,features,F07-agg-count-distinct,10,0.20426027099165367,0.279589779352682,0
10k,fuseki,features,F08-optional-unbound,10,0.04292579150205711,0.05022676844455418,0
10k,fuseki,features,F09-minus,10,0.14509604199702153,0.14664034170200466,0
10k,fuseki,features,F10-not-exists,10,1.7052709799972945,1.8064300468009606,0
10k,fuseki,features,F11-subquery-topk,10,0.4970184590056306,0.5135859063986572,0
10k,fuseki,features,F12-subquery-agg-join,10,1.765890209004283,1.8348095654015197,0
10k,fuseki,features,F13-values-union,10,0.004895582998869941,0.00796855800363119,0
10k,fuseki,features,F14-count-all,10,0.6367379584989976,0.715803825850162,0
10k,fuseki,concurrent-1,mix,2175,0.0022508749971166253,0.29029165440297233,0
10k,fuseki,concurrent-4,mix,5450,0.002097729498927947,0.4692577543515655,0
10k,fuseki,concurrent-8,mix,3200,0.0029826255049556494,1.6376023742464898,0
10k,fuseki,shacl,validate,5,12.358038089005277,12.71740737259679,0
10k,qlever,explore,Q1,100,0.057686750500579365,0.060969559747172754,0
10k,qlever,explore,Q2,600,0.024230187496868894,0.027638788938929792,0
10k,qlever,explore,Q3,100,0.06856649999826914,0.07624184789310676,0
10k,qlever,explore,Q4,100,0.09103635400242638,0.09913094170551631,0
10k,qlever,explore,Q5,200,0.08706793749297503,0.09475563604573836,0
10k,qlever,explore,Q7,400,0.09556400000292342,0.10802703191075126,0
10k,qlever,explore,Q8,200,0.040357020996452775,0.04716467019679841,0
10k,qlever,explore,Q9,400,0.04510914550337475,0.05073457950347802,0
10k,qlever,explore,Q10,200,0.17515045850450406,0.18488967324447003,0
10k,qlever,explore,Q11,100,0.004111104004550725,0.004597258654393954,0
10k,qlever,explore,Q12,100,0.013659875003213529,0.01425283576027141,0
10k,qlever,features,F01-path-closure,10,0.008147875501890667,0.008661929050140316,0
10k,qlever,features,F02-path-sequence-inverse,10,0.006537896493682638,0.0067957813989778515,0
10k,qlever,features,F03-path-alternative,10,0.045807750000676606,0.048372195653792006,0
10k,qlever,features,F04-path-oneormore-join,10,0.010878082997805905,0.013032171506347369,0
10k,qlever,features,F05-agg-group-avg,10,0.20284060400445014,0.21431497744924854,0
10k,qlever,features,F06-agg-having,10,0.016370083496440202,0.017274449698015816,0
10k,qlever,features,F07-agg-count-distinct,10,0.024138624998158775,0.025067885903263233,0
10k,qlever,features,F08-optional-unbound,10,0.009180416498566046,0.009916085602162639,0
10k,qlever,features,F09-minus,10,0.02467170850286493,0.025304047947429353,0
10k,qlever,features,F10-not-exists,10,0.04391756250697654,0.04908586875317269,0
10k,qlever,features,F11-subquery-topk,10,0.01583506249880884,0.01768346059761825,0
10k,qlever,features,F12-subquery-agg-join,10,0.045057916999212466,0.2767314041913781,0
10k,qlever,features,F13-values-union,10,0.022115770989330485,0.023412453947821633,0
10k,qlever,features,F14-count-all,10,0.044915375001437496,0.05050849999897764,0
10k,qlever,concurrent-1,mix,975,0.04552308299753349,0.17396127860702107,0
10k,qlever,concurrent-4,mix,3675,0.04434199999377597,0.18711405810026924,0
10k,qlever,concurrent-8,mix,3200,0.08948531200439902,0.4393160853986047,0
10k,virtuoso,explore,Q1,100,0.0015865624955040403,0.0019380204998014957,0
10k,virtuoso,explore,Q2,600,0.003718353997101076,0.004374421453394461,0
10k,virtuoso,explore,Q3,100,0.0018898540001828223,0.0025064125009521374,0
10k,virtuoso,explore,Q4,100,0.004346354500739835,0.00520853301131865,0
10k,virtuoso,explore,Q5,200,0.002517541499400977,0.0031321684509748593,0
10k,virtuoso,explore,Q7,400,0.003850207998766564,0.005892960438359296,0
10k,virtuoso,explore,Q8,200,0.002746541504166089,0.0032365431594371333,0
10k,virtuoso,explore,Q9,400,0.0009241875013685785,0.0010757461444882211,0
10k,virtuoso,explore,Q10,200,0.002671666501555592,0.0030657187460747084,0
10k,virtuoso,explore,Q11,100,0.000883791501109954,0.001011341650155373,0
10k,virtuoso,explore,Q12,100,0.00233481250324985,0.0024733999955060424,0
10k,virtuoso,features,F01-path-closure,10,0.010676124999008607,0.010753293900052086,0
10k,virtuoso,features,F02-path-sequence-inverse,10,0.0008735209994483739,0.0009183416972518898,0
10k,virtuoso,features,F03-path-alternative,10,0.01841358299861895,0.01845840015084832,0
10k,virtuoso,features,F04-path-oneormore-join,10,0.006411374997696839,0.0064541392486717085,0
10k,virtuoso,features,F05-agg-group-avg,10,0.09126835400093114,0.09615191875345773,0
10k,virtuoso,features,F06-agg-having,10,0.03542706250300398,0.03660312529609655,0
10k,virtuoso,features,F07-agg-count-distinct,10,0.19606604149885243,0.2185698151071847,0
10k,virtuoso,features,F08-optional-unbound,10,0.01492143750510877,0.015078442001686199,0
10k,virtuoso,features,F09-minus,10,0.03408368799864547,0.034416345800855196,0
10k,virtuoso,features,F10-not-exists,10,0.07762112499040086,0.09021862310401048,0
10k,virtuoso,features,F11-subquery-topk,10,0.010077291495690588,0.010110006402101135,0
10k,virtuoso,features,F12-subquery-agg-join,10,0.25617872899601934,0.26431879429510446,0
10k,virtuoso,features,F13-values-union,10,0.0019559369975468144,0.001999841450015083,0
10k,virtuoso,features,F14-count-all,10,0.021492062500328757,0.021779604197945446,0
10k,virtuoso,concurrent-1,mix,21450,0.002775770495645702,0.004475341300712898,0
10k,virtuoso,concurrent-4,mix,73750,0.0031228750012815,0.0054651061051117725,0
10k,virtuoso,concurrent-8,mix,113900,0.003450082993367687,0.007444022938580021,0
10k,rdf4j,explore,Q1,100,0.0014321039998321794,0.0028487458424933704,0
10k,rdf4j,explore,Q2,600,0.0014605415053665638,0.0020590773980075023,0
10k,rdf4j,explore,Q3,100,0.0014423960019485094,0.006307877095241565,0
10k,rdf4j,explore,Q4,100,0.0016140624938998371,0.0027870059508131816,0
10k,rdf4j,explore,Q5,200,0.021493062500667293,0.04147499169557705,0
10k,rdf4j,explore,Q7,400,0.0021743329998571426,0.0036017374935909175,0
10k,rdf4j,explore,Q8,200,0.0018918539935839362,0.0028013666895276403,0
10k,rdf4j,explore,Q9,400,0.1811559580019093,0.19316743299496011,0
10k,rdf4j,explore,Q10,200,0.0019758960042963736,0.0029802874953020367,0
10k,rdf4j,explore,Q11,100,0.17941670850268565,0.1863578190881526,0
10k,rdf4j,explore,Q12,100,0.0017807709955377504,0.002319908006757032,0
10k,rdf4j,features,F01-path-closure,10,0.013772270998742897,0.015034640254452825,0
10k,rdf4j,features,F02-path-sequence-inverse,10,0.0016830204986035824,0.0020098792003409474,0
10k,rdf4j,features,F03-path-alternative,10,0.796801084499748,0.8599022336071358,0
10k,rdf4j,features,F04-path-oneormore-join,10,0.025311979006801266,0.03081922485289397,0
10k,rdf4j,features,F05-agg-group-avg,10,0.6997739584985538,0.7445859063976968,0
10k,rdf4j,features,F06-agg-having,10,0.14067962500121212,0.1535060937560047,0
10k,rdf4j,features,F07-agg-count-distinct,10,0.18070979150070343,0.1939125293516554,0
10k,rdf4j,features,F08-optional-unbound,10,0.13983962449856335,0.1518303453536646,0
10k,rdf4j,features,F09-minus,10,0.46353123000153573,0.5019742979522561,0
10k,rdf4j,features,F11-subquery-topk,10,0.35797343750164146,0.391552641850285,0
10k,rdf4j,features,F12-subquery-agg-join,10,3.096359293005662,3.30809918485611,0
10k,rdf4j,features,F13-values-union,10,0.8271350834984332,0.848036656104523,0
10k,rdf4j,features,F14-count-all,10,2.7032741055008955,2.7746178867535494,0
10k,rdf4j,features,F10-not-exists,0,,,1
10k,rdf4j,concurrent-1,mix,1400,0.0019153749963152222,0.19372714230339624,0
10k,rdf4j,concurrent-4,mix,2525,0.0025247919984394684,0.4475961415941129,0
10k,rdf4j,concurrent-8,mix,2275,0.003662625007564202,0.9708555501943921,0
